Race ID,Horse Name,Average Speed,Time Taken,Win,Lose,Fallen
3da34bae-2ecb-4233-9977-3605d872fd9b,Barney,16.67,45,1,0,0
3da34bae-2ecb-4233-9977-3605d872fd9b,Chevron,15.00,50,0,1,0
3da34bae-2ecb-4233-9977-3605d872fd9b,Gaston,13.16,38,0,0,1
9527ccc0-976e-4985-bdd4-bcf636be7670,Chevron,11.69,77,0,1,0
9527ccc0-976e-4985-bdd4-bcf636be7670,Gaston,11.36,44,0,0,1
9527ccc0-976e-4985-bdd4-bcf636be7670,Barney,12.86,70,1,0,0
f2220489-cab2-4c97-bff2-85e5fd82de7e,Gaston,12.50,120,1,0,0
f2220489-cab2-4c97-bff2-85e5fd82de7e,Barney,11.43,70,0,0,1
f2220489-cab2-4c97-bff2-85e5fd82de7e,Chevron,10.34,145,0,1,0
5e94d2e0-15f2-4457-b351-156bf4493680,Horse 1,71.42857142857143,7,0,0,0
5e94d2e0-15f2-4457-b351-156bf4493680,Horse 0,55.55555555555556,9,0,0,0
5e94d2e0-15f2-4457-b351-156bf4493680,Horse 2,55.55555555555556,9,0,0,0
5e94d2e0-15f2-4457-b351-156bf4493680,Horse 3,18.51851851851852,27,0,0,1
d28595fd-b9c0-437f-8e3d-48b64708e9b3,Horse 4,500.0,1,0,0,1
d28595fd-b9c0-437f-8e3d-48b64708e9b3,Horse 0,125.0,4,0,0,1
d28595fd-b9c0-437f-8e3d-48b64708e9b3,Horse 5,100.0,5,0,1,0
d28595fd-b9c0-437f-8e3d-48b64708e9b3,Horse 2,83.33333333333333,6,0,1,0
d28595fd-b9c0-437f-8e3d-48b64708e9b3,Horse 1,55.55555555555556,9,0,0,1
d28595fd-b9c0-437f-8e3d-48b64708e9b3,Horse 3,50.0,10,0,0,1
01ad3db5-baae-4651-a285-67cd10a26707,Horse 2,Infinity,0,0,0,1
01ad3db5-baae-4651-a285-67cd10a26707,Horse 3,Infinity,0,0,0,1
01ad3db5-baae-4651-a285-67cd10a26707,Horse 5,166.66666666666666,3,0,0,1
01ad3db5-baae-4651-a285-67cd10a26707,Horse 1,31.25,16,0,1,0
01ad3db5-baae-4651-a285-67cd10a26707,Horse 4,31.25,16,0,1,0
01ad3db5-baae-4651-a285-67cd10a26707,Horse 0,21.73913043478261,23,0,1,0
447d0452-6c2d-4b5a-a74c-aa919ce1add3,Horse 3,250.0,2,0,0,1
447d0452-6c2d-4b5a-a74c-aa919ce1add3,Horse 4,250.0,2,0,0,1
447d0452-6c2d-4b5a-a74c-aa919ce1add3,Horse 2,100.0,5,0,0,1
447d0452-6c2d-4b5a-a74c-aa919ce1add3,Horse 1,55.55555555555556,9,0,0,0
447d0452-6c2d-4b5a-a74c-aa919ce1add3,Horse 0,55.55555555555556,9,0,0,0
447d0452-6c2d-4b5a-a74c-aa919ce1add3,Horse 5,27.77777777777778,18,0,0,1
a0383fbd-f2fd-4715-90c4-8ea6e25f1555,Horse 2,100.0,5,0,1,0
a0383fbd-f2fd-4715-90c4-8ea6e25f1555,Horse 5,100.0,5,0,1,0
a0383fbd-f2fd-4715-90c4-8ea6e25f1555,Horse 3,83.33333333333333,6,0,0,1
a0383fbd-f2fd-4715-90c4-8ea6e25f1555,Horse 0,83.33333333333333,6,0,1,0
a0383fbd-f2fd-4715-90c4-8ea6e25f1555,Horse 4,62.5,8,0,1,0
a0383fbd-f2fd-4715-90c4-8ea6e25f1555,Horse 1,55.55555555555556,9,0,1,0
2e668cef-1ef7-4e39-bf88-3c394eebb392,Horse 5,125.0,4,1,0,0
2e668cef-1ef7-4e39-bf88-3c394eebb392,Horse 0,125.0,4,0,1,0
2e668cef-1ef7-4e39-bf88-3c394eebb392,Horse 1,125.0,4,0,1,0
2e668cef-1ef7-4e39-bf88-3c394eebb392,Horse 3,83.33333333333333,6,0,1,0
2e668cef-1ef7-4e39-bf88-3c394eebb392,Horse 4,83.33333333333333,6,0,1,0
2e668cef-1ef7-4e39-bf88-3c394eebb392,Horse 2,71.42857142857143,7,0,1,0
ec61f4ca-2777-4796-b722-bb89f11d8d46,Horse 5,250.0,2,0,0,1
ec61f4ca-2777-4796-b722-bb89f11d8d46,Horse 0,250.0,2,0,0,1
ec61f4ca-2777-4796-b722-bb89f11d8d46,Horse 2,125.0,4,1,0,0
ec61f4ca-2777-4796-b722-bb89f11d8d46,Horse 4,125.0,4,0,0,1
ec61f4ca-2777-4796-b722-bb89f11d8d46,Horse 3,100.0,5,0,1,0
ec61f4ca-2777-4796-b722-bb89f11d8d46,Horse 1,83.33333333333333,6,0,1,0
4fa4d342-5a27-4b82-a0a7-3021c70242b0,Horse 5,Infinity,0,0,0,1
4fa4d342-5a27-4b82-a0a7-3021c70242b0,Horse 0,Infinity,0,0,0,1
4fa4d342-5a27-4b82-a0a7-3021c70242b0,Horse 3,500.0,1,0,0,1
4fa4d342-5a27-4b82-a0a7-3021c70242b0,Horse 4,125.0,4,1,0,0
4fa4d342-5a27-4b82-a0a7-3021c70242b0,Horse 1,100.0,5,0,1,0
4fa4d342-5a27-4b82-a0a7-3021c70242b0,Horse 2,50.0,10,0,1,0
4fa4d342-5a27-4b82-a0a7-3021c70242b0,Horse 6,41.666666666666664,12,0,0,1
e5f45123-43bd-4f75-95e7-bc4e2c284e93,Horse 2,Infinity,0,0,0,1
e5f45123-43bd-4f75-95e7-bc4e2c284e93,Horse 4,250.0,2,0,0,1
e5f45123-43bd-4f75-95e7-bc4e2c284e93,Horse 1,250.0,2,0,0,1
e5f45123-43bd-4f75-95e7-bc4e2c284e93,Horse 5,100.0,5,1,0,1
e5f45123-43bd-4f75-95e7-bc4e2c284e93,Horse 3,100.0,5,0,1,0
e5f45123-43bd-4f75-95e7-bc4e2c284e93,Horse 0,62.5,8,0,1,0
07b29b47-d60a-4600-b5c2-7aa989a101d4,Horse 5,125.0,4,1,0,0
07b29b47-d60a-4600-b5c2-7aa989a101d4,Horse 0,125.0,4,0,0,1
07b29b47-d60a-4600-b5c2-7aa989a101d4,Horse 3,100.0,5,0,1,0
07b29b47-d60a-4600-b5c2-7aa989a101d4,Horse 2,83.33333333333333,6,0,0,1
07b29b47-d60a-4600-b5c2-7aa989a101d4,Horse 1,71.42857142857143,7,0,1,0
07b29b47-d60a-4600-b5c2-7aa989a101d4,Horse 4,62.5,8,0,0,1
d86871e6-37a8-44d1-ae83-b13f10b9e2ea,Horse 5,500.0,1,0,0,1
d86871e6-37a8-44d1-ae83-b13f10b9e2ea,Horse 3,500.0,1,0,0,1
d86871e6-37a8-44d1-ae83-b13f10b9e2ea,Horse 4,166.66666666666666,3,0,0,1
d86871e6-37a8-44d1-ae83-b13f10b9e2ea,Horse 1,100.0,5,0,1,0
d86871e6-37a8-44d1-ae83-b13f10b9e2ea,Horse 0,50.0,10,0,0,1
a3b6fb89-8146-4702-8857-c4a28b902a18,Horse 2,166.66666666666666,3,0,0,1
a3b6fb89-8146-4702-8857-c4a28b902a18,Horse 4,71.42857142857143,7,1,0,0
a3b6fb89-8146-4702-8857-c4a28b902a18,Horse 1,62.5,8,0,1,0
a3b6fb89-8146-4702-8857-c4a28b902a18,Horse 0,50.0,10,0,0,1
a3b6fb89-8146-4702-8857-c4a28b902a18,Horse 5,45.45454545454545,11,0,1,0
a3b6fb89-8146-4702-8857-c4a28b902a18,Horse 3,41.666666666666664,12,0,0,1
1184dd89-d038-4efe-a456-999ae6e68755,Horse 1,250.0,2,0,0,1
1184dd89-d038-4efe-a456-999ae6e68755,Horse 0,250.0,2,0,0,1
1184dd89-d038-4efe-a456-999ae6e68755,Horse 6,125.0,4,0,0,1
1184dd89-d038-4efe-a456-999ae6e68755,Horse 4,125.0,4,0,0,1
1184dd89-d038-4efe-a456-999ae6e68755,Horse 5,100.0,5,1,0,0
1184dd89-d038-4efe-a456-999ae6e68755,Horse 3,83.33333333333333,6,0,0,1
1184dd89-d038-4efe-a456-999ae6e68755,Horse 7,55.55555555555556,9,0,1,0
1184dd89-d038-4efe-a456-999ae6e68755,Horse 2,41.666666666666664,12,0,1,0
e5ee9914-d8a2-4db1-9d55-018eb5485430,Horse 2,500.0,1,0,0,1
e5ee9914-d8a2-4db1-9d55-018eb5485430,Horse 1,125.0,4,1,0,0
e5ee9914-d8a2-4db1-9d55-018eb5485430,Horse 5,100.0,5,0,1,0
e5ee9914-d8a2-4db1-9d55-018eb5485430,Horse 3,100.0,5,0,1,0
e5ee9914-d8a2-4db1-9d55-018eb5485430,Horse 4,100.0,5,0,1,0
e5ee9914-d8a2-4db1-9d55-018eb5485430,Horse 0,100.0,5,0,1,0
e5ee9914-d8a2-4db1-9d55-018eb5485430,Horse 6,45.45454545454545,11,0,1,0
f5df67c2-4fa4-4021-a7cd-ee4cdf90a793,Horse 0,125.0,4,1,0,0
f5df67c2-4fa4-4021-a7cd-ee4cdf90a793,Horse 1,125.0,4,0,0,1
f5df67c2-4fa4-4021-a7cd-ee4cdf90a793,Horse 3,100.0,5,0,1,0
f5df67c2-4fa4-4021-a7cd-ee4cdf90a793,Horse 4,55.55555555555556,9,0,1,0
f5df67c2-4fa4-4021-a7cd-ee4cdf90a793,Horse 5,50.0,10,0,0,1
f5df67c2-4fa4-4021-a7cd-ee4cdf90a793,Horse 2,21.73913043478261,23,0,0,1
6ffbfe15-072d-487d-b970-585c3988a79c,Horse 2,166.66666666666666,3,0,0,1
6ffbfe15-072d-487d-b970-585c3988a79c,Horse 0,125.0,4,0,1,0
6ffbfe15-072d-487d-b970-585c3988a79c,Horse 1,125.0,4,0,1,0
6ffbfe15-072d-487d-b970-585c3988a79c,Horse 4,100.0,5,0,0,1
6ffbfe15-072d-487d-b970-585c3988a79c,Horse 3,100.0,5,0,1,0
fa21a95d-3a4f-4527-9c36-8affe0c571fb,Horse 4,166.66666666666666,3,0,0,1
fa21a95d-3a4f-4527-9c36-8affe0c571fb,Horse 3,125.0,4,1,0,0
fa21a95d-3a4f-4527-9c36-8affe0c571fb,Horse 0,50.0,10,0,0,1
fa21a95d-3a4f-4527-9c36-8affe0c571fb,Horse 2,31.25,16,0,1,0
fa21a95d-3a4f-4527-9c36-8affe0c571fb,Horse 1,17.24137931034483,29,0,0,1
dec2492a-0682-433d-bf73-8c10166f7322,Horse 4,Infinity,0,0,0,1
dec2492a-0682-433d-bf73-8c10166f7322,Horse 2,500.0,1,0,0,1
dec2492a-0682-433d-bf73-8c10166f7322,Horse 5,500.0,1,0,0,1
dec2492a-0682-433d-bf73-8c10166f7322,Horse 1,125.0,4,1,0,0
dec2492a-0682-433d-bf73-8c10166f7322,Horse 3,55.55555555555556,9,0,0,1
dec2492a-0682-433d-bf73-8c10166f7322,Horse 0,50.0,10,0,1,0
576a548b-6c1a-4a63-b1c9-862ab3a3c925,Horse 5,125.0,4,0,1,0
576a548b-6c1a-4a63-b1c9-862ab3a3c925,Horse 0,125.0,4,0,1,0
576a548b-6c1a-4a63-b1c9-862ab3a3c925,Horse 2,125.0,4,0,1,0
576a548b-6c1a-4a63-b1c9-862ab3a3c925,Horse 4,83.33333333333333,6,0,0,1
576a548b-6c1a-4a63-b1c9-862ab3a3c925,Horse 3,71.42857142857143,7,0,0,1
576a548b-6c1a-4a63-b1c9-862ab3a3c925,Horse 6,45.45454545454545,11,0,1,0
576a548b-6c1a-4a63-b1c9-862ab3a3c925,Horse 1,31.25,16,0,0,1
3cc6ba84-7e25-42ff-9d4a-54cfb225ec55,Horse 6,500.0,1,0,0,1
3cc6ba84-7e25-42ff-9d4a-54cfb225ec55,Horse 2,500.0,1,0,0,1
3cc6ba84-7e25-42ff-9d4a-54cfb225ec55,Horse 0,166.66666666666666,3,0,0,1
3cc6ba84-7e25-42ff-9d4a-54cfb225ec55,Horse 1,166.66666666666666,3,0,0,1
3cc6ba84-7e25-42ff-9d4a-54cfb225ec55,Horse 5,100.0,5,1,0,0
3cc6ba84-7e25-42ff-9d4a-54cfb225ec55,Horse 3,83.33333333333333,6,0,1,0
3cc6ba84-7e25-42ff-9d4a-54cfb225ec55,Horse 4,62.5,8,0,1,0
7f28b438-97c8-4219-a58d-7ff79e364d8f,Horse 0,Infinity,0,0,0,1
7f28b438-97c8-4219-a58d-7ff79e364d8f,Horse 2,Infinity,0,0,0,1
7f28b438-97c8-4219-a58d-7ff79e364d8f,Horse 1,100.0,5,0,0,1
7f28b438-97c8-4219-a58d-7ff79e364d8f,Horse 5,83.33333333333333,6,0,1,0
7f28b438-97c8-4219-a58d-7ff79e364d8f,Horse 3,83.33333333333333,6,0,1,0
7f28b438-97c8-4219-a58d-7ff79e364d8f,Horse 4,83.33333333333333,6,0,1,0
7e1dfecf-e1ff-415a-a317-743ddc4f32a3,Horse 0,Infinity,0,0,0,1
7e1dfecf-e1ff-415a-a317-743ddc4f32a3,Horse 4,125.0,4,0,0,1
7e1dfecf-e1ff-415a-a317-743ddc4f32a3,Horse 3,125.0,4,1,0,0
7e1dfecf-e1ff-415a-a317-743ddc4f32a3,Horse 1,83.33333333333333,6,0,0,1
7e1dfecf-e1ff-415a-a317-743ddc4f32a3,Horse 6,55.55555555555556,9,0,0,1
7e1dfecf-e1ff-415a-a317-743ddc4f32a3,Horse 2,55.55555555555556,9,0,1,0
7e1dfecf-e1ff-415a-a317-743ddc4f32a3,Horse 5,35.714285714285715,14,0,0,1
90afc35f-3964-45bd-90ba-a436158f08b5,Horse 4,Infinity,0,0,0,1
90afc35f-3964-45bd-90ba-a436158f08b5,Horse 3,500.0,1,0,0,1
90afc35f-3964-45bd-90ba-a436158f08b5,Horse 1,166.66666666666666,3,1,0,0
90afc35f-3964-45bd-90ba-a436158f08b5,Horse 0,100.0,5,0,1,0
90afc35f-3964-45bd-90ba-a436158f08b5,Horse 2,83.33333333333333,6,0,1,0
90afc35f-3964-45bd-90ba-a436158f08b5,Horse 6,38.46153846153846,13,0,0,1
90afc35f-3964-45bd-90ba-a436158f08b5,Horse 5,38.46153846153846,13,0,1,0
ff84083a-f596-4c66-a872-8bf42528195c,Horse 2,Infinity,0,0,0,1
ff84083a-f596-4c66-a872-8bf42528195c,Horse 6,166.66666666666666,3,1,0,0
ff84083a-f596-4c66-a872-8bf42528195c,Horse 4,125.0,4,0,0,1
ff84083a-f596-4c66-a872-8bf42528195c,Horse 1,100.0,5,0,1,0
ff84083a-f596-4c66-a872-8bf42528195c,Horse 5,83.33333333333333,6,0,0,1
ff84083a-f596-4c66-a872-8bf42528195c,Horse 0,55.55555555555556,9,0,1,0
ff84083a-f596-4c66-a872-8bf42528195c,Horse 3,45.45454545454545,11,0,1,0
11ffc77b-8a82-4d2c-9e4c-c905ba484d8f,Horse 4,250.0,2,0,0,1
11ffc77b-8a82-4d2c-9e4c-c905ba484d8f,Horse 1,125.0,4,0,1,0
11ffc77b-8a82-4d2c-9e4c-c905ba484d8f,Horse 6,125.0,4,0,1,0
11ffc77b-8a82-4d2c-9e4c-c905ba484d8f,Horse 2,100.0,5,0,0,1
11ffc77b-8a82-4d2c-9e4c-c905ba484d8f,Horse 3,100.0,5,0,0,1
11ffc77b-8a82-4d2c-9e4c-c905ba484d8f,Horse 0,100.0,5,0,1,0
11ffc77b-8a82-4d2c-9e4c-c905ba484d8f,Horse 5,62.5,8,0,1,0
66ac098b-c173-4eb2-be30-c2fda4ea21ef,Horse 2,500.0,1,0,0,1
66ac098b-c173-4eb2-be30-c2fda4ea21ef,Horse 4,500.0,1,0,0,1
66ac098b-c173-4eb2-be30-c2fda4ea21ef,Horse 6,125.0,4,0,1,0
66ac098b-c173-4eb2-be30-c2fda4ea21ef,Horse 1,125.0,4,0,1,0
66ac098b-c173-4eb2-be30-c2fda4ea21ef,Horse 3,71.42857142857143,7,0,0,1
66ac098b-c173-4eb2-be30-c2fda4ea21ef,Horse 5,71.42857142857143,7,0,1,0
66ac098b-c173-4eb2-be30-c2fda4ea21ef,Horse 0,62.5,8,0,1,0
a5e7ce73-781d-4649-8030-719ca9bd1e6d,Horse 0,Infinity,0,0,0,1
a5e7ce73-781d-4649-8030-719ca9bd1e6d,Horse 2,500.0,1,0,0,1
a5e7ce73-781d-4649-8030-719ca9bd1e6d,Horse 6,166.66666666666666,3,0,0,1
a5e7ce73-781d-4649-8030-719ca9bd1e6d,Horse 4,166.66666666666666,3,0,0,1
a5e7ce73-781d-4649-8030-719ca9bd1e6d,Horse 9,125.0,4,0,0,1
a5e7ce73-781d-4649-8030-719ca9bd1e6d,Horse 8,125.0,4,1,0,0
a5e7ce73-781d-4649-8030-719ca9bd1e6d,Horse 1,125.0,4,0,1,0
a5e7ce73-781d-4649-8030-719ca9bd1e6d,Horse 3,100.0,5,0,0,1
a5e7ce73-781d-4649-8030-719ca9bd1e6d,Horse 5,100.0,5,0,0,1
a5e7ce73-781d-4649-8030-719ca9bd1e6d,Horse 7,83.33333333333333,6,0,1,0
e9dc9f87-6852-4398-82f2-571b5db38e0e,Horse 0,Infinity,0,0,0,1
e9dc9f87-6852-4398-82f2-571b5db38e0e,Horse 1,166.66666666666666,3,0,0,1
e9dc9f87-6852-4398-82f2-571b5db38e0e,Horse 4,100.0,5,1,0,0
e9dc9f87-6852-4398-82f2-571b5db38e0e,Horse 3,62.5,8,0,1,0
e9dc9f87-6852-4398-82f2-571b5db38e0e,Horse 5,35.714285714285715,14,0,0,1
e9dc9f87-6852-4398-82f2-571b5db38e0e,Horse 2,31.25,16,0,0,1
748c9f9b-533f-4c64-ac9a-95be0e7ff843,Horse 6,Infinity,0,0,0,1
748c9f9b-533f-4c64-ac9a-95be0e7ff843,Horse 2,125.0,4,0,0,1
748c9f9b-533f-4c64-ac9a-95be0e7ff843,Horse 1,100.0,5,1,0,0
748c9f9b-533f-4c64-ac9a-95be0e7ff843,Horse 3,100.0,5,0,1,0
748c9f9b-533f-4c64-ac9a-95be0e7ff843,Horse 4,62.5,8,0,1,0
748c9f9b-533f-4c64-ac9a-95be0e7ff843,Horse 0,62.5,8,0,1,0
748c9f9b-533f-4c64-ac9a-95be0e7ff843,Horse 5,55.55555555555556,9,0,0,1
f0dc0847-bd60-4a02-9611-e2307e67052e,Horse 0,250.0,2,0,0,1
f0dc0847-bd60-4a02-9611-e2307e67052e,Horse 3,125.0,4,0,0,1
f0dc0847-bd60-4a02-9611-e2307e67052e,Horse 6,125.0,4,1,0,0
f0dc0847-bd60-4a02-9611-e2307e67052e,Horse 5,100.0,5,0,1,0
f0dc0847-bd60-4a02-9611-e2307e67052e,Horse 4,100.0,5,0,1,0
f0dc0847-bd60-4a02-9611-e2307e67052e,Horse 1,25.0,20,0,1,0
f0dc0847-bd60-4a02-9611-e2307e67052e,Horse 2,22.727272727272727,22,0,0,1
fb1539be-21a1-4bfb-ab83-2714e3c5b65e,Horse 2,125.0,4,1,0,0
fb1539be-21a1-4bfb-ab83-2714e3c5b65e,Horse 0,100.0,5,0,1,0
fb1539be-21a1-4bfb-ab83-2714e3c5b65e,Horse 3,100.0,5,0,1,0
fb1539be-21a1-4bfb-ab83-2714e3c5b65e,Horse 5,83.33333333333333,6,0,0,1
fb1539be-21a1-4bfb-ab83-2714e3c5b65e,Horse 4,71.42857142857143,7,0,1,0
fb1539be-21a1-4bfb-ab83-2714e3c5b65e,Horse 1,35.714285714285715,14,0,1,0
d7a00a45-f3f5-4760-99ba-5aa193316ff7,Horse 2,Infinity,0,0,0,1
d7a00a45-f3f5-4760-99ba-5aa193316ff7,Horse 5,250.0,2,0,0,1
d7a00a45-f3f5-4760-99ba-5aa193316ff7,Horse 3,83.33333333333333,6,0,0,1
d7a00a45-f3f5-4760-99ba-5aa193316ff7,Horse 4,62.5,8,0,0,1
d7a00a45-f3f5-4760-99ba-5aa193316ff7,Horse 1,33.333333333333336,15,1,0,0
d7a00a45-f3f5-4760-99ba-5aa193316ff7,Horse 6,25.0,20,0,0,1
d7a00a45-f3f5-4760-99ba-5aa193316ff7,Horse 0,16.666666666666668,30,0,0,1
0f68dce5-cc02-4281-9642-7dae8723696c,Horse 5,Infinity,0,0,0,1
0f68dce5-cc02-4281-9642-7dae8723696c,Horse 2,Infinity,0,0,0,1
0f68dce5-cc02-4281-9642-7dae8723696c,Horse 6,250.0,2,0,0,1
0f68dce5-cc02-4281-9642-7dae8723696c,Horse 0,125.0,4,0,0,1
0f68dce5-cc02-4281-9642-7dae8723696c,Horse 7,125.0,4,1,0,0
0f68dce5-cc02-4281-9642-7dae8723696c,Horse 1,100.0,5,0,1,0
0f68dce5-cc02-4281-9642-7dae8723696c,Horse 3,38.46153846153846,13,0,0,1
0f68dce5-cc02-4281-9642-7dae8723696c,Horse 4,31.25,16,0,0,1
245f2067-e3a4-4533-a1e2-35c7200fd404,Horse 6,Infinity,0,0,0,1
245f2067-e3a4-4533-a1e2-35c7200fd404,Horse 0,500.0,1,0,0,1
245f2067-e3a4-4533-a1e2-35c7200fd404,Horse 4,125.0,4,0,0,1
245f2067-e3a4-4533-a1e2-35c7200fd404,Horse 1,125.0,4,0,0,1
245f2067-e3a4-4533-a1e2-35c7200fd404,Horse 2,125.0,4,1,0,0
245f2067-e3a4-4533-a1e2-35c7200fd404,Horse 7,83.33333333333333,6,0,0,1
245f2067-e3a4-4533-a1e2-35c7200fd404,Horse 3,83.33333333333333,6,0,1,0
245f2067-e3a4-4533-a1e2-35c7200fd404,Horse 5,62.5,8,0,0,1
c891ccaf-e687-4950-a53f-287c0ebcd6ea,Horse 0,250.0,2,0,0,1
c891ccaf-e687-4950-a53f-287c0ebcd6ea,Horse 1,166.66666666666666,3,0,0,1
c891ccaf-e687-4950-a53f-287c0ebcd6ea,Horse 7,125.0,4,1,0,0
c891ccaf-e687-4950-a53f-287c0ebcd6ea,Horse 5,100.0,5,0,0,1
c891ccaf-e687-4950-a53f-287c0ebcd6ea,Horse 6,100.0,5,0,1,0
c891ccaf-e687-4950-a53f-287c0ebcd6ea,Horse 2,71.42857142857143,7,0,0,1
c891ccaf-e687-4950-a53f-287c0ebcd6ea,Horse 3,50.0,10,0,0,1
c891ccaf-e687-4950-a53f-287c0ebcd6ea,Horse 4,45.45454545454545,11,0,1,0
3f009c07-a185-42c7-8ee1-e6f5ddf70fe5,Horse 8,250.0,2,0,0,1
3f009c07-a185-42c7-8ee1-e6f5ddf70fe5,Horse 5,125.0,4,1,0,0
3f009c07-a185-42c7-8ee1-e6f5ddf70fe5,Horse 6,125.0,4,0,0,1
3f009c07-a185-42c7-8ee1-e6f5ddf70fe5,Horse 0,100.0,5,0,1,0
3f009c07-a185-42c7-8ee1-e6f5ddf70fe5,Horse 3,100.0,5,0,0,1
3f009c07-a185-42c7-8ee1-e6f5ddf70fe5,Horse 7,100.0,5,0,1,0
3f009c07-a185-42c7-8ee1-e6f5ddf70fe5,Horse 4,83.33333333333333,6,0,1,0
3f009c07-a185-42c7-8ee1-e6f5ddf70fe5,Horse 9,62.5,8,0,1,0
3f009c07-a185-42c7-8ee1-e6f5ddf70fe5,Horse 2,55.55555555555556,9,0,1,0
3f009c07-a185-42c7-8ee1-e6f5ddf70fe5,Horse 1,38.46153846153846,13,0,0,1
c6891ff7-0082-4b57-9a66-b61062a9b113,Horse 9,500.0,1,0,0,1
c6891ff7-0082-4b57-9a66-b61062a9b113,Horse 3,166.66666666666666,3,0,0,1
c6891ff7-0082-4b57-9a66-b61062a9b113,Horse 4,166.66666666666666,3,0,0,1
c6891ff7-0082-4b57-9a66-b61062a9b113,Horse 5,100.0,5,0,0,1
c6891ff7-0082-4b57-9a66-b61062a9b113,Horse 1,83.33333333333333,6,0,0,1
c6891ff7-0082-4b57-9a66-b61062a9b113,Horse 8,71.42857142857143,7,1,0,0
c6891ff7-0082-4b57-9a66-b61062a9b113,Horse 6,62.5,8,0,0,1
c6891ff7-0082-4b57-9a66-b61062a9b113,Horse 2,50.0,10,0,0,1
c6891ff7-0082-4b57-9a66-b61062a9b113,Horse 7,45.45454545454545,11,0,1,0
c6891ff7-0082-4b57-9a66-b61062a9b113,Horse 0,35.714285714285715,14,0,1,0
d95c26d5-dcdf-48f0-894b-655fce83f820,Horse 3,250.0,2,0,0,1
d95c26d5-dcdf-48f0-894b-655fce83f820,Horse 9,166.66666666666666,3,0,0,1
d95c26d5-dcdf-48f0-894b-655fce83f820,Horse 0,125.0,4,0,0,1
d95c26d5-dcdf-48f0-894b-655fce83f820,Horse 8,83.33333333333333,6,0,1,0
d95c26d5-dcdf-48f0-894b-655fce83f820,Horse 5,83.33333333333333,6,0,1,0
d95c26d5-dcdf-48f0-894b-655fce83f820,Horse 4,55.55555555555556,9,0,0,1
d95c26d5-dcdf-48f0-894b-655fce83f820,Horse 2,50.0,10,0,0,1
d95c26d5-dcdf-48f0-894b-655fce83f820,Horse 1,41.666666666666664,12,0,0,1
d95c26d5-dcdf-48f0-894b-655fce83f820,Horse 7,38.46153846153846,13,0,1,0
d95c26d5-dcdf-48f0-894b-655fce83f820,Horse 6,27.77777777777778,18,0,1,0
c282024f-d03f-4085-aa17-e4cb981d0961,Horse 2,Infinity,0,0,0,1
c282024f-d03f-4085-aa17-e4cb981d0961,Horse 0,Infinity,0,0,0,1
c282024f-d03f-4085-aa17-e4cb981d0961,Horse 6,225.0,3,0,0,1
c282024f-d03f-4085-aa17-e4cb981d0961,Horse 3,168.75,4,0,0,1
c282024f-d03f-4085-aa17-e4cb981d0961,Horse 7,96.42857142857143,7,0,0,1
c282024f-d03f-4085-aa17-e4cb981d0961,Horse 8,84.375,8,0,1,0
c282024f-d03f-4085-aa17-e4cb981d0961,Horse 5,67.5,10,0,1,0
c282024f-d03f-4085-aa17-e4cb981d0961,Horse 9,56.25,12,0,0,1
c282024f-d03f-4085-aa17-e4cb981d0961,Horse 4,51.92307692307692,13,0,0,1
c282024f-d03f-4085-aa17-e4cb981d0961,Horse 1,35.526315789473685,19,0,0,1
21436a82-2da1-4d3f-bcee-fb1d02c5171a,Horse 6,Infinity,0,0,0,1
21436a82-2da1-4d3f-bcee-fb1d02c5171a,Horse 2,698.0,1,0,0,1
21436a82-2da1-4d3f-bcee-fb1d02c5171a,Horse 5,349.0,2,0,0,1
21436a82-2da1-4d3f-bcee-fb1d02c5171a,Horse 1,232.66666666666666,3,0,0,1
21436a82-2da1-4d3f-bcee-fb1d02c5171a,Horse 4,174.5,4,0,0,1
21436a82-2da1-4d3f-bcee-fb1d02c5171a,Horse 3,116.33333333333333,6,1,0,0
21436a82-2da1-4d3f-bcee-fb1d02c5171a,Horse 0,116.33333333333333,6,0,1,0
21436a82-2da1-4d3f-bcee-fb1d02c5171a,Horse 7,58.166666666666664,12,0,1,0
f453bed1-a986-4b59-8c11-c7c5d17d7c16,Horse 3,500.0,1,0,0,1
f453bed1-a986-4b59-8c11-c7c5d17d7c16,Horse 1,250.0,2,0,0,1
f453bed1-a986-4b59-8c11-c7c5d17d7c16,Horse 0,125.0,4,1,0,0
f453bed1-a986-4b59-8c11-c7c5d17d7c16,Horse 6,125.0,4,0,1,0
f453bed1-a986-4b59-8c11-c7c5d17d7c16,Horse 2,125.0,4,0,0,1
f453bed1-a986-4b59-8c11-c7c5d17d7c16,Horse 7,100.0,5,0,1,0
f453bed1-a986-4b59-8c11-c7c5d17d7c16,Horse 4,100.0,5,0,1,0
f453bed1-a986-4b59-8c11-c7c5d17d7c16,Horse 5,50.0,10,0,1,0
0e2a6698-c0d0-4ed6-b927-81918724aafd,Horse 0,250.0,2,0,0,1
0e2a6698-c0d0-4ed6-b927-81918724aafd,Horse 2,125.0,4,1,0,0
0e2a6698-c0d0-4ed6-b927-81918724aafd,Horse 5,100.0,5,0,0,1
0e2a6698-c0d0-4ed6-b927-81918724aafd,Horse 3,100.0,5,0,0,1
0e2a6698-c0d0-4ed6-b927-81918724aafd,Horse 4,83.33333333333333,6,0,0,1
0e2a6698-c0d0-4ed6-b927-81918724aafd,Horse 6,55.55555555555556,9,0,0,1
0e2a6698-c0d0-4ed6-b927-81918724aafd,Horse 1,35.714285714285715,14,0,1,0
075d0b81-f6ec-41e9-9be7-caaaa038bdf4,Horse 1,Infinity,0,0,0,1
075d0b81-f6ec-41e9-9be7-caaaa038bdf4,Horse 2,Infinity,0,0,0,1
075d0b81-f6ec-41e9-9be7-caaaa038bdf4,Horse 3,125.0,4,0,0,1
075d0b81-f6ec-41e9-9be7-caaaa038bdf4,Horse 0,125.0,4,1,0,0
075d0b81-f6ec-41e9-9be7-caaaa038bdf4,Horse 4,125.0,4,0,1,0
075d0b81-f6ec-41e9-9be7-caaaa038bdf4,Horse 5,71.42857142857143,7,0,1,0
2af427c3-e215-47ba-9a05-b463f4226c71,Horse 2,Infinity,0,0,0,1
2af427c3-e215-47ba-9a05-b463f4226c71,Horse 3,100.0,5,0,0,1
2af427c3-e215-47ba-9a05-b463f4226c71,Horse 5,83.33333333333333,6,1,0,0
2af427c3-e215-47ba-9a05-b463f4226c71,Horse 4,83.33333333333333,6,0,0,1
2af427c3-e215-47ba-9a05-b463f4226c71,Horse 1,71.42857142857143,7,0,1,0
2af427c3-e215-47ba-9a05-b463f4226c71,Horse 0,62.5,8,0,1,0
cefef3eb-06de-49a2-a486-d604a8ba9a01,Horse 1,500.0,1,0,0,1
cefef3eb-06de-49a2-a486-d604a8ba9a01,Horse 6,250.0,2,0,0,1
cefef3eb-06de-49a2-a486-d604a8ba9a01,Horse 2,125.0,4,1,0,0
cefef3eb-06de-49a2-a486-d604a8ba9a01,Horse 5,100.0,5,0,1,0
cefef3eb-06de-49a2-a486-d604a8ba9a01,Horse 0,71.42857142857143,7,0,1,0
cefef3eb-06de-49a2-a486-d604a8ba9a01,Horse 3,62.5,8,0,1,0
cefef3eb-06de-49a2-a486-d604a8ba9a01,Horse 4,62.5,8,0,0,1
9fbf4e0d-57e3-4c89-8903-dff90d3bee65,Horse 7,640.0,1,0,0,1
9fbf4e0d-57e3-4c89-8903-dff90d3bee65,Horse 6,213.33333333333334,3,0,0,1
9fbf4e0d-57e3-4c89-8903-dff90d3bee65,Horse 0,106.66666666666667,6,0,1,0
9fbf4e0d-57e3-4c89-8903-dff90d3bee65,Horse 2,106.66666666666667,6,1,0,0
9fbf4e0d-57e3-4c89-8903-dff90d3bee65,Horse 4,80.0,8,0,1,0
9fbf4e0d-57e3-4c89-8903-dff90d3bee65,Horse 5,64.0,10,0,1,0
9fbf4e0d-57e3-4c89-8903-dff90d3bee65,Horse 3,45.714285714285715,14,0,0,1
9fbf4e0d-57e3-4c89-8903-dff90d3bee65,Horse 1,40.0,16,0,0,1
d0071a41-bb89-4dfd-a840-b14ea7c1e92b,Horse 2,248.33333333333334,3,0,0,1
d0071a41-bb89-4dfd-a840-b14ea7c1e92b,Horse 4,248.33333333333334,3,0,0,1
d0071a41-bb89-4dfd-a840-b14ea7c1e92b,Horse 3,149.0,5,0,0,1
d0071a41-bb89-4dfd-a840-b14ea7c1e92b,Horse 1,106.42857142857143,7,0,0,1
d0071a41-bb89-4dfd-a840-b14ea7c1e92b,Horse 0,106.42857142857143,7,1,0,0
d0071a41-bb89-4dfd-a840-b14ea7c1e92b,Horse 6,82.77777777777777,9,0,0,1
d0071a41-bb89-4dfd-a840-b14ea7c1e92b,Horse 5,82.77777777777777,9,0,0,1
d0071a41-bb89-4dfd-a840-b14ea7c1e92b,Horse 7,67.72727272727273,11,0,1,0
648a3647-4b23-433b-82fe-b47a838c3741,Horse 3,500.0,1,0,0,1
648a3647-4b23-433b-82fe-b47a838c3741,Horse 6,166.66666666666666,3,1,0,0
648a3647-4b23-433b-82fe-b47a838c3741,Horse 0,125.0,4,0,0,1
648a3647-4b23-433b-82fe-b47a838c3741,Horse 2,125.0,4,0,1,0
648a3647-4b23-433b-82fe-b47a838c3741,Horse 4,100.0,5,0,1,0
648a3647-4b23-433b-82fe-b47a838c3741,Horse 7,100.0,5,0,1,0
648a3647-4b23-433b-82fe-b47a838c3741,Horse 1,83.33333333333333,6,0,1,0
648a3647-4b23-433b-82fe-b47a838c3741,Horse 5,62.5,8,0,1,0
0bf55c0a-8006-41e8-be0b-e9e2a6cf2908,Horse 3,Infinity,0,0,0,1
0bf55c0a-8006-41e8-be0b-e9e2a6cf2908,Horse 2,Infinity,0,0,0,1
0bf55c0a-8006-41e8-be0b-e9e2a6cf2908,Horse 7,100.0,5,0,0,1
0bf55c0a-8006-41e8-be0b-e9e2a6cf2908,Horse 6,83.33333333333333,6,0,0,1
0bf55c0a-8006-41e8-be0b-e9e2a6cf2908,Horse 4,71.42857142857143,7,0,0,1
0bf55c0a-8006-41e8-be0b-e9e2a6cf2908,Horse 0,62.5,8,1,0,0
0bf55c0a-8006-41e8-be0b-e9e2a6cf2908,Horse 1,62.5,8,0,1,0
f8c7b141-8896-4e8b-a5c7-5e6b9d5cd706,Horse 0,Infinity,0,0,0,1
f8c7b141-8896-4e8b-a5c7-5e6b9d5cd706,Horse 5,250.0,2,0,0,1
f8c7b141-8896-4e8b-a5c7-5e6b9d5cd706,Horse 2,250.0,2,0,0,1
f8c7b141-8896-4e8b-a5c7-5e6b9d5cd706,Horse 3,125.0,4,1,0,0
f8c7b141-8896-4e8b-a5c7-5e6b9d5cd706,Horse 4,100.0,5,0,1,0
f8c7b141-8896-4e8b-a5c7-5e6b9d5cd706,Horse 7,62.5,8,0,0,1
f8c7b141-8896-4e8b-a5c7-5e6b9d5cd706,Horse 6,55.55555555555556,9,0,1,0
f8c7b141-8896-4e8b-a5c7-5e6b9d5cd706,Horse 1,38.46153846153846,13,0,1,0
d1df8669-08c0-4c8f-a22f-0e5c66aa28b5,Horse 7,Infinity,0,0,0,1
d1df8669-08c0-4c8f-a22f-0e5c66aa28b5,Horse 5,166.66666666666666,3,0,0,1
d1df8669-08c0-4c8f-a22f-0e5c66aa28b5,Horse 3,125.0,4,1,0,0
d1df8669-08c0-4c8f-a22f-0e5c66aa28b5,Horse 0,125.0,4,0,1,0
d1df8669-08c0-4c8f-a22f-0e5c66aa28b5,Horse 8,100.0,5,0,0,1
d1df8669-08c0-4c8f-a22f-0e5c66aa28b5,Horse 6,100.0,5,0,0,1
d1df8669-08c0-4c8f-a22f-0e5c66aa28b5,Horse 4,62.5,8,0,1,0
d1df8669-08c0-4c8f-a22f-0e5c66aa28b5,Horse 1,50.0,10,0,1,0
d1df8669-08c0-4c8f-a22f-0e5c66aa28b5,Horse 2,38.46153846153846,13,0,0,1
d1df8669-08c0-4c8f-a22f-0e5c66aa28b5,Horse 9,27.77777777777778,18,0,1,0
896cd5c1-509f-48e3-91be-246bcb21d0a0,Horse 2,402.0,2,0,0,1
896cd5c1-509f-48e3-91be-246bcb21d0a0,Horse 1,160.8,5,0,0,1
896cd5c1-509f-48e3-91be-246bcb21d0a0,Horse 3,100.5,8,0,0,1
896cd5c1-509f-48e3-91be-246bcb21d0a0,Horse 5,73.0909090909091,11,1,0,0
896cd5c1-509f-48e3-91be-246bcb21d0a0,Horse 0,61.84615384615385,13,0,1,0
896cd5c1-509f-48e3-91be-246bcb21d0a0,Horse 4,61.84615384615385,13,0,0,1
896cd5c1-509f-48e3-91be-246bcb21d0a0,Horse 6,33.5,24,0,0,1
b9415985-2fa0-4a47-b031-b91454b77c71,Horse 0,50.0,10,0,0,1
7e5c93c1-0b5c-416a-9872-62ac6b1a4ede,Horse 0,125.0,4,1,0,0
86a38c0d-b9be-4492-b48a-575c4ffe9e0a,Horse 2,250.0,2,0,0,1
86a38c0d-b9be-4492-b48a-575c4ffe9e0a,Horse 3,125.0,4,1,0,0
86a38c0d-b9be-4492-b48a-575c4ffe9e0a,Horse 1,100.0,5,0,1,0
86a38c0d-b9be-4492-b48a-575c4ffe9e0a,Horse 0,100.0,5,0,1,0
74ce7520-64aa-41b5-b91d-8763595059e0,Horse 1,250.0,2,0,0,1
74ce7520-64aa-41b5-b91d-8763595059e0,Horse 3,125.0,4,0,1,0
74ce7520-64aa-41b5-b91d-8763595059e0,Horse 0,100.0,5,0,1,0
74ce7520-64aa-41b5-b91d-8763595059e0,Gary,83.33333333333333,6,0,1,0
75912568-25ed-4ce7-a69e-9ca3c92337d9,Horse 3,125.0,4,0,1,0
75912568-25ed-4ce7-a69e-9ca3c92337d9,Horse 0,100.0,5,0,1,0
75912568-25ed-4ce7-a69e-9ca3c92337d9,Horse 1,83.33333333333333,6,0,1,0
75912568-25ed-4ce7-a69e-9ca3c92337d9,Gary,71.42857142857143,7,0,1,0
8eeb5df1-7ad0-40da-93b2-4102d3dbe5ec,Horse 0,Infinity,0,0,0,1
8eeb5df1-7ad0-40da-93b2-4102d3dbe5ec,Horse 5,Infinity,0,0,0,1
8eeb5df1-7ad0-40da-93b2-4102d3dbe5ec,Horse 2,500.0,1,0,0,1
8eeb5df1-7ad0-40da-93b2-4102d3dbe5ec,Horse 1,250.0,2,0,0,1
8eeb5df1-7ad0-40da-93b2-4102d3dbe5ec,Horse 4,125.0,4,0,0,1
8eeb5df1-7ad0-40da-93b2-4102d3dbe5ec,Horse 3,100.0,5,0,0,1
